{
  "configuration": {
    "instance": "pla33810",
    "time_budget_s": 600.0,
    "seeds": [
      42
    ],
    "solver_config": {
      "candidate": {
        "k": 15,
        "use_knn": true
      },
      "zones": {
        "agents_per_zone": 4
      },
      "bees": {
        "time_budget_s": 12.0
      },
      "local_search": {
        "kick_period_moves": 400,
        "use_or_opt": false
      },
      "scouting": {
        "dynamic": {
          "enabled": true,
          "no_improve_s": 8.0,
          "max_restarts_per_seed": 3,
          "polish_time_s": 0.6
        }
      },
      "termination": {
        "wall_time_s": 600.0
      },
      "metric": {
        "edge_weight_type": "CEIL_2D"
      }
    },
    "test_timestamp": "2025-08-24 23:22:37"
  },
  "results": [
    {
      "instance": "pla33810",
      "n": 33810,
      "optimal_length": 66048945,
      "optimal_from_file": null,
      "num_runs": 1,
      "best_found": 116331514.0,
      "worst_found": 116331514.0,
      "median_length": 116331514.0,
      "mean_length": 116331514.0,
      "best_gap_pct": 76.1292538434944,
      "worst_gap_pct": 76.1292538434944,
      "median_gap_pct": 76.1292538434944,
      "mean_gap_pct": 76.1292538434944,
      "p10_gap_pct": 76.1292538434944,
      "p90_gap_pct": 76.1292538434944,
      "median_runtime": 600.7314441204071,
      "mean_improvements": 2,
      "parity": "OK",
      "results": [
        {
          "seed": 42,
          "length": 116331514.0,
          "gap_pct": 76.1292538434944,
          "runtime": 600.7314441204071,
          "improvements": 2,
          "anytime": [
            [
              3.6033663749694824,
              116415722.0
            ],
            [
              59.24156641960144,
              116331514.0
            ]
          ]
        }
      ],
      "ttt_opt_s": null,
      "ttt_0.1pct_s": null,
      "ttt_0.5pct_s": null,
      "ttt_1.0pct_s": null
    }
  ]
}