{
  "configuration": {
    "instance": "pr2392",
    "time_budget_s": 180.0,
    "seeds": [
      42
    ],
    "solver_config": {
      "candidate": {
        "k": 25,
        "use_knn": true
      },
      "zones": {
        "agents_per_zone": 4
      },
      "bees": {
        "time_budget_s": 8.0
      },
      "local_search": {
        "kick_period_moves": 400,
        "use_or_opt": false
      },
      "scouting": {
        "dynamic": {
          "enabled": true,
          "no_improve_s": 8.0,
          "max_restarts_per_seed": 3,
          "polish_time_s": 0.6
        }
      },
      "termination": {
        "wall_time_s": 180.0
      },
      "metric": {
        "edge_weight_type": "EUC_2D"
      }
    },
    "test_timestamp": "2025-08-24 23:07:33"
  },
  "results": [
    {
      "instance": "pr2392",
      "n": 2392,
      "optimal_length": 378032,
      "optimal_from_file": 378032,
      "num_runs": 1,
      "best_found": 426161.0,
      "worst_found": 426161.0,
      "median_length": 426161.0,
      "mean_length": 426161.0,
      "best_gap_pct": 12.731461886824397,
      "worst_gap_pct": 12.731461886824397,
      "median_gap_pct": 12.731461886824397,
      "mean_gap_pct": 12.731461886824397,
      "p10_gap_pct": 12.731461886824397,
      "p90_gap_pct": 12.731461886824397,
      "median_runtime": 180.04768657684326,
      "mean_improvements": 8,
      "parity": "OK",
      "results": [
        {
          "seed": 42,
          "length": 426161.0,
          "gap_pct": 12.731461886824397,
          "runtime": 180.04768657684326,
          "improvements": 8,
          "anytime": [
            [
              0.4218733310699463,
              446051.0
            ],
            [
              0.9097545146942139,
              446037.0
            ],
            [
              1.1441285610198975,
              440424.0
            ],
            [
              1.9218335151672363,
              438419.0
            ],
            [
              2.1562068462371826,
              437540.0
            ],
            [
              9.440997123718262,
              436870.0
            ],
            [
              24.501123666763306,
              435643.0
            ],
            [
              26.681849718093872,
              426161.0
            ]
          ]
        }
      ],
      "ttt_opt_s": null,
      "ttt_0.1pct_s": null,
      "ttt_0.5pct_s": null,
      "ttt_1.0pct_s": null
    }
  ]
}