{
  "configuration": {
    "time_budget_s": 60.0,
    "seeds": [
      42,
      123,
      456,
      789,
      999
    ],
    "solver_config": {
      "candidate": {
        "k": 34,
        "use_knn": true,
        "use_delaunay": false
      },
      "zones": {
        "agents_per_zone": 6,
        "overlap_pct": 0.0,
        "method": "kmeans",
        "target_zone_size": 999999
      },
      "bees": {
        "time_budget_s": 1.2
      },
      "local_search": {
        "kick_period_moves": 500,
        "use_or_opt": false
      },
      "scouting": {
        "dynamic": {
          "enabled": true,
          "no_improve_s": 5.0,
          "max_restarts_per_seed": 3,
          "polish_time_s": 0.8,
          "sample": {
            "temperature": 0.7,
            "smooth_eps": 1.0
          }
        }
      },
      "termination": {
        "wall_time_s": 60.0
      }
    },
    "test_timestamp": "2025-08-20 20:51:19"
  },
  "results": [
    {
      "instance": "att48",
      "n": 48,
      "optimal_length": 10628,
      "optimal_from_file": null,
      "num_runs": 5,
      "best_found": 10818.0,
      "worst_found": 10818.0,
      "median_length": 10818.0,
      "mean_length": 10818.0,
      "best_gap_pct": 1.7877305231464058,
      "worst_gap_pct": 1.7877305231464058,
      "median_gap_pct": 1.7877305231464058,
      "mean_gap_pct": 1.7877305231464058,
      "p10_gap_pct": 1.7877305231464058,
      "p90_gap_pct": 1.7877305231464058,
      "median_runtime": 60.00404930114746,
      "mean_improvements": 4.8,
      "results": [
        {
          "seed": 42,
          "length": 10818.0,
          "gap_pct": 1.7877305231464058,
          "runtime": 60.01039505004883,
          "improvements": 7,
          "anytime": [
            [
              0.01399540901184082,
              11583.0
            ],
            [
              0.02199578285217285,
              11058.0
            ],
            [
              0.05099630355834961,
              10998.0
            ],
            [
              0.1569967269897461,
              10986.0
            ],
            [
              0.33607029914855957,
              10966.0
            ],
            [
              1.0089561939239502,
              10917.0
            ],
            [
              1.4959557056427002,
              10818.0
            ]
          ]
        },
        {
          "seed": 123,
          "length": 10818.0,
          "gap_pct": 1.7877305231464058,
          "runtime": 60.004000663757324,
          "improvements": 6,
          "anytime": [
            [
              0.015001773834228516,
              11296.0
            ],
            [
              0.025000572204589844,
              10998.0
            ],
            [
              0.07400059700012207,
              10986.0
            ],
            [
              0.1360020637512207,
              10966.0
            ],
            [
              0.2710001468658447,
              10917.0
            ],
            [
              0.45004773139953613,
              10818.0
            ]
          ]
        },
        {
          "seed": 456,
          "length": 10818.0,
          "gap_pct": 1.7877305231464058,
          "runtime": 60.007030725479126,
          "improvements": 4,
          "anytime": [
            [
              0.012998580932617188,
              11388.0
            ],
            [
              0.021002531051635742,
              11196.0
            ],
            [
              0.0670003890991211,
              10986.0
            ],
            [
              0.09900045394897461,
              10818.0
            ]
          ]
        },
        {
          "seed": 789,
          "length": 10818.0,
          "gap_pct": 1.7877305231464058,
          "runtime": 60.00404930114746,
          "improvements": 3,
          "anytime": [
            [
              0.015002012252807617,
              11062.0
            ],
            [
              0.04099917411804199,
              10986.0
            ],
            [
              0.09799861907958984,
              10818.0
            ]
          ]
        },
        {
          "seed": 999,
          "length": 10818.0,
          "gap_pct": 1.7877305231464058,
          "runtime": 60.00313401222229,
          "improvements": 4,
          "anytime": [
            [
              0.015300273895263672,
              11133.0
            ],
            [
              0.034371376037597656,
              10998.0
            ],
            [
              0.09937119483947754,
              10917.0
            ],
            [
              0.6901874542236328,
              10818.0
            ]
          ]
        }
      ],
      "ttt_1.0pct_s": null,
      "ttt_0.5pct_s": null,
      "ttt_0.1pct_s": null
    },
    {
      "instance": "kroA100",
      "n": 100,
      "optimal_length": 21282,
      "optimal_from_file": 21282,
      "num_runs": 5,
      "best_found": 21816.0,
      "worst_found": 21816.0,
      "median_length": 21816.0,
      "mean_length": 21816.0,
      "best_gap_pct": 2.509162672681139,
      "worst_gap_pct": 2.509162672681139,
      "median_gap_pct": 2.509162672681139,
      "mean_gap_pct": 2.509162672681139,
      "p10_gap_pct": 2.509162672681139,
      "p90_gap_pct": 2.509162672681139,
      "median_runtime": 60.00895929336548,
      "mean_improvements": 5.4,
      "results": [
        {
          "seed": 42,
          "length": 21816.0,
          "gap_pct": 2.509162672681139,
          "runtime": 60.00311875343323,
          "improvements": 6,
          "anytime": [
            [
              0.019000530242919922,
              23093.0
            ],
            [
              0.04100155830383301,
              22759.0
            ],
            [
              0.07799911499023438,
              22393.0
            ],
            [
              0.14207839965820312,
              22290.0
            ],
            [
              0.381807804107666,
              22088.0
            ],
            [
              0.520817756652832,
              21816.0
            ]
          ]
        },
        {
          "seed": 123,
          "length": 21816.0,
          "gap_pct": 2.509162672681139,
          "runtime": 60.00895929336548,
          "improvements": 4,
          "anytime": [
            [
              0.017999649047851562,
              22627.0
            ],
            [
              0.029999732971191406,
              22341.0
            ],
            [
              0.11199784278869629,
              22088.0
            ],
            [
              0.16309523582458496,
              21816.0
            ]
          ]
        },
        {
          "seed": 456,
          "length": 21816.0,
          "gap_pct": 2.509162672681139,
          "runtime": 60.01030397415161,
          "improvements": 7,
          "anytime": [
            [
              0.01907658576965332,
              23225.0
            ],
            [
              0.04107785224914551,
              22383.0
            ],
            [
              0.0630791187286377,
              22135.0
            ],
            [
              0.21533203125,
              22102.0
            ],
            [
              0.2323307991027832,
              22088.0
            ],
            [
              0.3073289394378662,
              21976.0
            ],
            [
              0.47641468048095703,
              21816.0
            ]
          ]
        },
        {
          "seed": 789,
          "length": 21816.0,
          "gap_pct": 2.509162672681139,
          "runtime": 60.00204157829285,