{
  "configuration": {
    "time_budget_s": 15.0,
    "seeds": [
      42
    ],
    "solver_config": {
      "candidate": {
        "k": 20,
        "use_knn": true
      },
      "zones": {
        "agents_per_zone": 4
      },
      "bees": {
        "time_budget_s": 1.2
      },
      "local_search": {
        "kick_period_moves": 400
      },
      "scouting": {
        "dynamic": {
          "enabled": true,
          "no_improve_s": 8.0,
          "max_restarts_per_seed": 3,
          "polish_time_s": 0.6
        }
      },
      "termination": {
        "wall_time_s": 15.0
      },
      "metric": {
        "edge_weight_type": "CEIL_2D"
      }
    },
    "test_timestamp": "2025-08-24 20:23:07"
  },
  "results": [
    {
      "instance": "att48",
      "n": 48,
      "optimal_length": 10628,
      "optimal_from_file": null,
      "num_runs": 1,
      "best_found": 10758.0,
      "worst_found": 10758.0,
      "median_length": 10758.0,
      "mean_length": 10758.0,
      "best_gap_pct": 1.223184042152804,
      "worst_gap_pct": 1.223184042152804,
      "median_gap_pct": 1.223184042152804,
      "mean_gap_pct": 1.223184042152804,
      "p10_gap_pct": 1.223184042152804,
      "p90_gap_pct": 1.223184042152804,
      "median_runtime": 15.003253698348999,
      "mean_improvements": 2,
      "parity": "OK",
      "results": [
        {
          "seed": 42,
          "length": 10758.0,
          "gap_pct": 1.223184042152804,
          "runtime": 15.003253698348999,
          "improvements": 2,
          "anytime": [
            [
              0.08500075340270996,
              11583.0
            ],
            [
              0.09200739860534668,
              10758.0
            ]
          ]
        }
      ],
      "ttt_opt_s": null,
      "ttt_0.1pct_s": null,
      "ttt_0.5pct_s": null,
      "ttt_1.0pct_s": null
    },
    {
      "instance": "kroA100",
      "n": 100,
      "optimal_length": 21282,
      "optimal_from_file": 21282,
      "num_runs": 1,
      "best_found": 22062.0,
      "worst_found": 22062.0,
      "median_length": 22062.0,
      "mean_length": 22062.0,
      "best_gap_pct": 3.665069072455596,
      "worst_gap_pct": 3.665069072455596,
      "median_gap_pct": 3.665069072455596,
      "mean_gap_pct": 3.665069072455596,
      "p10_gap_pct": 3.665069072455596,
      "p90_gap_pct": 3.665069072455596,
      "median_runtime": 15.001384973526001,
      "mean_improvements": 6,
      "parity": "OK",
      "results": [
        {
          "seed": 42,
          "length": 22062.0,
          "gap_pct": 3.665069072455596,
          "runtime": 15.001384973526001,
          "improvements": 6,
          "anytime": [
            [
              0.03400063514709473,
              24322.0
            ],
            [
              0.04300093650817871,
              24091.0
            ],
            [
              0.0500025749206543,
              23211.0
            ],
            [
              0.05900096893310547,
              22210.0
            ],
            [
              1.0520007610321045,
              22134.0
            ],
            [
              1.481999158859253,
              22062.0
            ]
          ]
        }
      ],
      "ttt_opt_s": null,
      "ttt_0.1pct_s": null,
      "ttt_0.5pct_s": null,
      "ttt_1.0pct_s": null
    },
    {
      "instance": "ch130",
      "n": 130,
      "optimal_length": 6110,
      "optimal_from_file": 6110,
      "num_runs": 1,
      "best_found": 6372.0,
      "worst_found": 6372.0,
      "median_length": 6372.0,
      "mean_length": 6372.0,
      "best_gap_pct": 4.288052373158756,
      "worst_gap_pct": 4.288052373158756,
      "median_gap_pct": 4.288052373158756,
      "mean_gap_pct": 4.288052373158756,
      "p10_gap_pct": 4.288052373158756,
      "p90_gap_pct": 4.288052373158756,
      "median_runtime": 15.004175901412964,
      "mean_improvements": 8,
      "parity": "OK",
      "results": [
        {
          "seed": 42,
          "length": 6372.0,
          "gap_pct": 4.288052373158756,
          "runtime": 15.004175901412964,
          "improvements": 8,
          "anytime": [
            [
              0.03899812698364258,
              6663.0
            ],
            [
              0.046997785568237305,
              6535.0
            ],
            [
              0.06599855422973633,
              6520.0
            ],
            [
              0.3120002746582031,
              6504.0
            ],
            [
              0.34999823570251465,
              6438.0
            ],
            [
              0.3959987163543701,
              6436.0
            ],
            [
              0.43399906158447266,
              6382.0
            ],
            [
              1.7459967136383057,
              6372.0
            ]
          ]
        }
      ],
      "ttt_opt_s": null,
      "ttt_0.1pct_s": null,
      "ttt_0.5pct_s": null,
      "ttt_1.0pct_s": null
    },
    {
      "instance": "pr2392",
      "n": 2392,
      "optimal_length": 378032,
      "optimal_from_file": 378032,
      "num_runs": 1,
      "best_found": 442185.0,
      "worst_found": 442185.0,
      "median_length": 442185.0,
      "mean_length": 442185.0,
      "best_gap_pct": 16.970256486223388,
      "worst_gap_pct": 16.970256486223388,
      "median_gap_pct": 16.970256486223388,
      "mean_gap_pct": 16.970256486223388,
      "p10_gap_pct": 16.970256486223388,
      "p90_gap_pct": 16.970256486223388,
      "median_runtime": 15.233997106552124,
      "mean_improvements": 5,
      "parity": "OK",
      "results": [
        {
          "seed": 42,
          "length": 442185.0,
          "gap_pct": 16.970256486223388,
          "runtime": 15.233997106552124,
          "improvements": 5,
          "anytime": [
            [
              0.3110044002532959,
              472868.0
            ],
            [
              0.5380029678344727,
              454725.0
            ],
            [
              2.115992546081543,
              452816.0
            ],
            [
              3.8350534439086914,
              450640.0
            ],
            [
              8.427993535995483,
              442185.0
            ]
          ]
        }
      ],
      "ttt_opt_s": null,
      "ttt_0.1pct_s": null,
      "ttt_0.5pct_s": null,
      "ttt_1.0pct_s": null
    },
    {
      "instance": "fnl4461",
      "n": 4461,
      "optimal_length": 182566,
      "optimal_from_file": null,
      "num_runs": 1,
      "best_found": 253132.0,
      "worst_found": 253132.0,
      "median_length": 253132.0,
      "mean_length": 253132.0,
      "best_gap_pct": 38.65232299551943,
      "worst_gap_pct": 38.65232299551943,
      "median_gap_pct": 38.65232299551943,
      "mean_gap_pct": 38.65232299551943,
      "p10_gap_pct": 38.65232299551943,
      "p90_gap_pct": 38.65232299551943,
      "median_runtime": 15.567179441452026,
      "mean_improvements": 3,
      "parity": "OK",
      "results": [
        {
          "seed": 42,
          "length": 253132.0,
          "gap_pct": 38.65232299551943,
          "runtime": 15.567179441452026,
          "improvements": 3,
          "anytime": [
            [
              0.8550446033477783,
              267644.0
            ],
            [
              1.651043176651001,
              259495.0
            ],
            [
              6.098511457443237,
              253132.0
            ]
          ]
        }
      ],
      "ttt_0.1pct_s": null,
      "ttt_0.5pct_s": null,
      "ttt_1.0pct_s": null
    },
    {
      "instance": "pla33810",
      "n": 33810,
      "optimal_length": 66048945,
      "optimal_from_file": null,