{
  "configuration": {
    "instance": "pr2392",
    "time_budget_s": 60.0,
    "seeds": [
      42
    ],
    "solver_config": {
      "candidate": {
        "k": 20,
        "use_knn": true
      },
      "zones": {
        "agents_per_zone": 4
      },
      "bees": {
        "time_budget_s": 5.0
      },
      "local_search": {
        "kick_period_moves": 400,
        "use_or_opt": false
      },
      "scouting": {
        "dynamic": {
          "enabled": true,
          "no_improve_s": 8.0,
          "max_restarts_per_seed": 3,
          "polish_time_s": 0.6
        }
      },
      "termination": {
        "wall_time_s": 60.0
      },
      "metric": {
        "edge_weight_type": "EUC_2D"
      }
    },
    "test_timestamp": "2025-08-24 22:31:12"
  },
  "results": [
    {
      "instance": "pr2392",
      "n": 2392,
      "optimal_length": 378032,
      "optimal_from_file": 378032,
      "num_runs": 1,
      "best_found": 442185.0,
      "worst_found": 442185.0,
      "median_length": 442185.0,
      "mean_length": 442185.0,
      "best_gap_pct": 16.970256486223388,
      "worst_gap_pct": 16.970256486223388,
      "median_gap_pct": 16.970256486223388,
      "mean_gap_pct": 16.970256486223388,
      "p10_gap_pct": 16.970256486223388,
      "p90_gap_pct": 16.970256486223388,
      "median_runtime": 60.13137340545654,
      "mean_improvements": 5,
      "parity": "OK",
      "results": [
        {
          "seed": 42,
          "length": 442185.0,
          "gap_pct": 16.970256486223388,
          "runtime": 60.13137340545654,
          "improvements": 5,
          "anytime": [
            [
              0.3342134952545166,
              472868.0
            ],
            [
              0.548259973526001,
              454725.0
            ],
            [
              1.952237844467163,
              452816.0
            ],
            [
              3.547271251678467,
              450640.0
            ],
            [
              7.726161479949951,
              442185.0
            ]
          ]
        }
      ],
      "ttt_opt_s": null,
      "ttt_0.1pct_s": null,
      "ttt_0.5pct_s": null,
      "ttt_1.0pct_s": null
    }
  ]
}